b6a09c5fb5e75d595894b1435d135708;Puska;Kartonkuori 1 ;S-paketti
bf1d2e7475405e6b2784f9fb714afcb1;Kaisla;Kartonkuori 1 ;S-paketti
dc02a8434a1059b48b8d9513f5a243d4;Talvikukkia;Kartonkuori 1;S-paketti
e50a52b3e62475e89af76ddb1eaa5775;Pinkki kasa;Kartonkuori 1;S-paketti
002b96df9a2cfb1f5b99c4dc0fb5441a;Vihreä kasa;Kartonkuori 1;S-paketti
013547484e849f129b921582baf7eb80;Yöpuutarha;Kartonkuori 1;S-paketti
6828ffc8a6c641bc3bac2c423e152c46;Iltapuutarha;Kartonkuori 1;S-paketti
f4376c3405c96803576b7c1ddfb4cae7;Talvipuutarha;Kartonkuori 1;S-paketti
d79661a03020cdadb4b344f170731f74;Salainen puutarha;Kartonkuori 1;S-paketti
e650ff5a47b20f76489f2ed4550b9c9e;Floral - luumu;Kartonkuori 1;S-paketti
f1bf46f000a2b850fa9ad25c7e5d6829;Floral - liila;Kartonkuori 1;S-paketti
3f8c58b4f3d35bd7c1ee951a4393ca71;Floral - oranssi;Kartonkuori 1;S-paketti
d506654fc8f857c99a5e63b0cd80ab70;Floral -  tummansininen;Kartonkuori 1;S-paketti
c7b19eea953aeb59ac54db8de55d2cf1;Floral - turkoosi;Kartonkuori 1;S-paketti
958bbf4d09c883981f3a545f502e7a8d;Floral - turkoosi;Kartonkuori 1;S-paketti
9a0e853496a95b995b0dc18afb382e7e;Floral -  tummansininen;Kartonkuori 1;S-paketti
21dea575957263818ab264774f43d8f8;Floral - savi;Kartonkuori 1;S-paketti
1e5cef66c34c7737e855f8769232d655;Kasvisto;Kartonkikuori 2;S-Plus-paketti
ed1c291f11df9616a1412de425539aa6;Kokoelma IIII;Kartonkikuori 2;S-Plus-paketti
814dcbc96775f575c26db7bcbcf7e1f6;Flora;Postitusputki 2;M-paketti
a38e65254aa18c969a7ca9f5ba1d2444;Kokoelma III;Postitusputki 2;M-paketti
81437768f415cc4992af0fdc514739bf;Keräilijä I;Postitusputki 2;M-paketti
0dfe48905308385bd30fbeca6c285794;Keräilijä IIII;Postitusputki 2;M-paketti
ed400503f8d45dd848b70dcf793f0960;Pino - punainen, sininen & tummanvihreä;Postitusputki 2;M-paketti
fd10472057d9ba29337ed6548eca19ed;Pino - oranssi, sininen & tummansininen;Postitusputki 2;M-paketti
f32e0e223ab97670089ae70afd587b91;Pino - Savi, pinkki & tummanvihreä;Postitusputki 2;M-paketti
c8647ee1383f59ddfc842e40b168667a;Sininen kasa - blue pile;Postitusputki 2;M-paketti
09374b646c3f7c1202e12f3b6111e3f6;Kasa - pile;Postitusputki 2;M-paketti
b332f42e01181d947cb89c607222cab4;Pinkki kasa - pink pile;Postitusputki 2;M-paketti
98aa42ab053af3ea0de1c6ab77b775e5;Ystävät - vihreä;Postitusputki 2;M-paketti
5d5e382998033184a0c2b61bd21f96ae;Ilo - joy;Postitusputki 2;M-paketti
a7ccb33dab1e371eb89565142e0741e3;Pieni raita - ruskea, oranssi & harmaa;Postitusputki 2;M-paketti
6e0fdb8f7ad9e35730c64ebc8f76cd7e;Pieni raita - sininen, pinkki & harmaa;Postitusputki 2;M-paketti
3e0998da5732dce0d5f81ea86cf501b4;Pieni raita - tummansininen, harmaa, lumi & vaaleansininen;Postitusputki 2;M-paketti
9a44bf64503464caeeee75ef53486fa3;Pieni raita - tummansininen, pinkki, harmaa & vaaleansininen;Postitusputki 2;M-paketti
843ca93827ed1de46cacfea81e570672;Hehku - glow;Postitusputki 1;M-Plus-paketti
c1fcfaf1344f9c401cbc9ddcadfba546;Mätäs laventeli;Postitusputki 1;M-Plus-paketti
6f01b03cfae9bfb493103d70af31517c;Mätäs vaaleanvihreä;Postitusputki 1;M-Plus-paketti
6baf30e21e6cf0862721fbe26c7078cf;Pallo hiilenharmaa;Postitusputki 1;M-Plus-paketti
e4a7ecc5a108a1f9a3354ae5659d1446;Pallo vihreä;Postitusputki 1;M-Plus-paketti
c02450b71bc7653bb65688e0e8a008c6;Pallo sininen;Postitusputki 1;M-Plus-paketti
b64a4d17c3cac625ef155bc14ba2b5ab;Pallo lilanharmaa;Postitusputki 1;M-Plus-paketti
384e874d3c6e548fc5eed094f69a9d6b;Nimeton (Tuuli) harmaanliila;Postitusputki 1;M-Plus-paketti
45590e9f90df9a24b2e8bd793c0c8bef;Nimeton (Ilma) vihreä;Postitusputki 1;M-Plus-paketti
89a48dc8a503f840562264f39ba26033;Nimeton (Ilma) roosa;Postitusputki 1;M-Plus-paketti
d26a1e41dc3fdd1430a1957bce52d95e;Yöpuutarhassa - in the nightgarden;Kuplamuovikuori;Pikkupaketti-lähetys
b5de347c8d1451cb9a05b5f3c20d2768;Nippu - bundle;Kuplamuovikuori;Pikkupaketti-lähetys
b19c96a4dec33c0a6afb08189d2be40e;Kukkaketo - flowermeadow;Kuplamuovikuori;Pikkupaketti-lähetys
bc9b081a379d39782273e445885a6a92;Kokoelma - gathering;Kuplamuovikuori;Pikkupaketti-lähetys
2079134b4f631f33e8bdbfe075d475ab;Yllätys taidekortti setti;Kuplamuovikuori;Pikkupaketti-lähetys
8d0fb590bd63b322e92bdbbfef70b029;Kranssi - wreath;Kuplamuovikuori;Pikkupaketti-lähetys
45accf954579eea0677d85757415ef37;Kranssi joulukorttisetti - wreath christmas card set;Kuplamuovikuori;Pikkupaketti-lähetys
7a69ad8b9a6bbdbd6a55573db7c0b408;Iso Testi tuote;Postitusputki1;M-Plus-paketti
c69761f9ead4245d9e0c1739741a61a8;Pieni Testi tuote;Kartonkikuori 1;S-paketti
